시도,시군구,해수욕장명,2015년,2016년,2017년,2018년,2019년,2020년,2021년,2022년,2023년,2024년
강원도,강릉시,강문,15273 ,16052 ,15290 ,15324 ,22331 ,67832 ,58344 ,31013 ,40147 ,39865 
강원도,강릉시,경포,6375694 ,5837700 ,5887080 ,6078228 ,5253855 ,295998 ,266873 ,1066122 ,1435604 ,1770346 
강원도,강릉시,금진,2112 ,1342 ,1385 ,9793 ,24422 ,12089 ,2949 ,0 ,12903 ,7450 
강원도,강릉시,남항진,15988 ,11680 ,3450 ,4103 ,3713 ,0 ,0 ,0 ,0 ,9278 
강원도,강릉시,도직,1216 ,855 ,560 ,1826 ,7072 ,0 ,0 ,1834 ,0 ,0 
강원도,강릉시,등명,10988 ,10414 ,2890 ,8097 ,17818 ,0 ,7275 ,8578 ,12780 ,10950 
강원도,강릉시,사근진,18375 ,17595 ,15350 ,14323 ,12730 ,6637 ,12102 ,12244 ,20116 ,25240 
강원도,강릉시,사천,8801 ,17378 ,11140 ,4761 ,7978 ,15720 ,6871 ,3051 ,14205 ,12617 
강원도,강릉시,사천진,8970 ,20901 ,19180 ,6172 ,11737 ,34315 ,25239 ,4708 ,20615 ,20050 
강원도,강릉시,송정,7808 ,10580 ,10895 ,7620 ,10458 ,24626 ,27355 ,27323 ,39730 ,52643 
강원도,강릉시,순긋,7786 ,5720 ,3820 ,10409 ,9142 ,4758 ,8045 ,3848 ,14884 ,16510 
강원도,강릉시,안목,25245 ,16690 ,28270 ,15715 ,132568 ,113056 ,90962 ,95803 ,77645 ,234730 
강원도,강릉시,안인,14170 ,2673 ,2250 ,6364 ,16365 ,0 ,0 ,0 ,7074 ,7040 
강원도,강릉시,연곡,54495 ,9420 ,26428 ,15210 ,50051 ,16605 ,22161 ,4545 ,7732 ,4025 
강원도,강릉시,염전,9477 ,2342 ,1810 ,4543 ,0 ,0 ,0 ,0 ,0 ,0 
강원도,강릉시,영진,20889 ,7955 ,3770 ,9357 ,41916 ,32588 ,30182 ,17650 ,12191 ,13691 
강원도,강릉시,옥계,37015 ,18475 ,16770 ,13935 ,67856 ,10479 ,4019 ,7190 ,8681 ,4231 
강원도,강릉시,정동진,128378 ,20282 ,18540 ,55733 ,114657 ,74223 ,61889 ,34456 ,49588 ,46210 
강원도,강릉시,주문진해변,369883 ,302690 ,199510 ,324590 ,296970 ,73422 ,81291 ,241025 ,181918 ,253291 
강원도,강릉시,하평,7882 ,23888 ,14210 ,3640 ,6387 ,5430 ,3607 ,2595 ,9880 ,10965 
강원도,고성군,가진,17596 ,14261 ,13258 ,9034 ,10584 ,1574 ,13730 ,10670 ,9160 ,8540 
강원도,고성군,거진1리,15830 ,16934 ,17464 ,14478 ,15798 ,3335 ,13159 ,11353 ,6480 ,13025 
강원도,고성군,거진11리,43705 ,24891 ,24127 ,23735 ,26537 ,4937 ,22734 ,20953 ,21020 ,9500 
강원도,고성군,공현진1리,39375 ,36747 ,31411 ,24520 ,26545 ,3169 ,51929 ,27195 ,16535 ,13555 
강원도,고성군,공현진2리,35466 ,39979 ,35138 ,26744 ,29083 ,2850 ,29583 ,26065 ,15910 ,12745 
강원도,고성군,교암,13171 ,12525 ,15196 ,22690 ,24740 ,4880 ,34698 ,13384 ,9490 ,8631 
강원도,고성군,대진1리,10772 ,11906 ,10096 ,7693 ,9618 ,1292 ,10318 ,9264 ,6775 ,4926 
강원도,고성군,대진5리,11055 ,9629 ,7704 ,5582 ,6457 ,1121 ,12321 ,9675 ,6540 ,4275 
강원도,고성군,마차진,43684 ,158676 ,139932 ,91190 ,82002 ,4125 ,11769 ,8414 ,30845 ,18851 
강원도,고성군,명파,30428 ,32769 ,23221 ,4653 ,4704 ,2348 ,10418 ,9478 ,11310 ,6772 
강원도,고성군,문암2리,12536 ,11606 ,11257 ,10468 ,11818 ,1858 ,17849 ,15877 ,9640 ,6555 
강원도,고성군,반암,26485 ,23933 ,20139 ,10375 ,12491 ,1910 ,24887 ,11417 ,9235 ,11956 
강원도,고성군,백도,55752 ,70099 ,79007 ,78459 ,76188 ,10288 ,115634 ,141496 ,97740 ,64560 
강원도,고성군,봉수대,107556 ,91302 ,102710 ,77166 ,51360 ,6097 ,115708 ,142008 ,104115 ,81490 
강원도,고성군,봉포,69294 ,55982 ,58973 ,48200 ,75945 ,11930 ,76415 ,84325 ,102970 ,142075 
강원도,고성군,삼포,178929 ,136445 ,132062 ,224670 ,210735 ,10050 ,261024 ,287161 ,217105 ,333480 
강원도,고성군,삼포2리,41990 ,43651 ,45855 ,43315 ,42727 ,4787 ,56637 ,28702 ,41990 ,21801 
강원도,고성군,송지호,484362 ,359181 ,341123 ,239122 ,239700 ,25118 ,296936 ,333917 ,262040 ,362180 
강원도,고성군,송지호오토캠핑장,20419 ,21889 ,20227 ,16332 ,105608 ,11402 ,29630 ,5953 ,10780 ,7799 
강원도,고성군,아야진,75249 ,61240 ,68070 ,92380 ,20408 ,43200 ,231526 ,385083 ,363615 ,517925 
강원도,고성군,문암1리(자작도),31971 ,33486 ,32916 ,19850 ,18976 ,5510 ,61059 ,69851 ,76410 ,63808 
강원도,고성군,자작도캠핑장,0 ,0 ,0 ,0 ,0 ,0 ,10108 ,8500 ,12265 ,10610 
강원도,고성군,천진,82034 ,72111 ,78508 ,85860 ,90955 ,10847 ,53448 ,53678 ,79866 ,148285 
강원도,고성군,청간,25691 ,24053 ,29464 ,22430 ,23514 ,3517 ,13960 ,14306 ,13760 ,16926 
강원도,고성군,초도,34627 ,37786 ,27835 ,9075 ,11190 ,1134 ,19403 ,9569 ,5750 ,8666 
강원도,고성군,켄싱턴리조트,97612 ,123187 ,100850 ,64063 ,72587 ,24193 ,27822 ,23373 ,15525 ,39210 
강원도,고성군,화진포,593521 ,414164 ,314658 ,229353 ,230201 ,10168 ,170096 ,143756 ,130625 ,0 
강원도,고성군,화진포(현내),0 ,0 ,0 ,0 ,0 ,0 ,0 ,0 ,0 ,58675 
강원도,고성군,화진포(거진),0 ,0 ,0 ,0 ,0 ,0 ,0 ,0 ,0 ,62215 
강원도,고성군,화진포콘도,0 ,0 ,9730 ,0 ,15022 ,6838 ,9397 ,9915 ,7770 ,15849 
강원도,고성군,반비치,0 ,0 ,0 ,0 ,0 ,0 ,0 ,0 ,0 ,4260 
강원도,동해시,노봉,42776 ,10549 ,9400 ,3976 ,3620 ,5258 ,11057 ,36943 ,7575 ,6355 
강원도,동해시,대진,163054 ,53899 ,66484 ,13144 ,14139 ,0 ,0 ,52845 ,16130 ,8170 
강원도,동해시,망상,3360547 ,3355972 ,2428817 ,1127433 ,1095314 ,473956 ,439936 ,382326 ,412773 ,386854 
강원도,동해시,망상리조트,191002 ,181212 ,78654 ,33882 ,9727 ,10443 ,0 ,74045 ,34480 ,38800 
강원도,동해시,어달,142308 ,52997 ,58707 ,21985 ,21890 ,19377 ,20800 ,77480 ,29170 ,10120 
강원도,동해시,추암,360218 ,467774 ,1075697 ,567249 ,680304 ,244221 ,226928 ,292571 ,202474 ,312716 
강원도,삼척시,궁촌,85143 ,85411 ,77066 ,22959 ,6828 ,0 ,0 ,0 ,0 ,0 
강원도,삼척시,덕산,122186 ,122739 ,92212 ,58106 ,68380 ,0 ,0 ,0 ,12910 ,0 
강원도,삼척시,맹방,897185 ,897412 ,678988 ,629680 ,731157 ,159240 ,215450 ,223670 ,207462 ,125470 
강원도,삼척시,문암,49157 ,50070 ,39377 ,20946 ,5944 ,6695 ,0 ,0 ,0 ,0 
강원도,삼척시,부남,46245 ,46438 ,33089 ,18085 ,8144 ,0 ,4365 ,2795 ,8347 ,20930 
강원도,삼척시,삼척,830235 ,928059 ,926973 ,1465181 ,1993355 ,491685 ,424370 ,429450 ,420471 ,551990 
강원도,삼척시,상맹방,156247 ,156380 ,165131 ,68628 ,9497 ,0 ,0 ,0 ,0 ,0 
강원도,삼척시,오분,51060 ,51376 ,80669 ,45672 ,2838 ,1629 ,1269 ,0 ,0 ,0 
강원도,삼척시,용화,381279 ,381534 ,440708 ,223615 ,114414 ,6716 ,10360 ,18960 ,21515 ,29909 
강원도,삼척시,원평,47911 ,48526 ,31509 ,17575 ,10610 ,5948 ,9200 ,6680 ,5870 ,9610 
강원도,삼척시,임원,19515 ,23957 ,23373 ,10630 ,2668 ,0 ,0 ,0 ,0 ,0 
강원도,삼척시,작은후진,194766 ,194956 ,166298 ,87117 ,6038 ,2696 ,4750 ,7258 ,7668 ,10575 
강원도,삼척시,장호,638835 ,735151 ,618148 ,277807 ,140038 ,0 ,9488 ,12270 ,10450 ,17790 
강원도,삼척시,증산,198679 ,201639 ,158510 ,93748 ,11895 ,0 ,11230 ,8610 ,0 ,7742 
강원도,삼척시,하맹방,122916 ,123235 ,283392 ,133072 ,6517 ,3710 ,4940 ,6830 ,10120 ,10520 
강원도,삼척시,한재밑,138681 ,139115 ,121280 ,0 ,0 ,0 ,0 ,0 ,0 ,0 
강원도,속초시,등대,43093 ,16295 ,14271 ,22187 ,111741 ,30339 ,19577 ,30199 ,46248 ,46890 
강원도,속초시,속초,3540117 ,3515274 ,2987709 ,1979094 ,2536723 ,289066 ,425213 ,945864 ,657963 ,713357 
강원도,속초시,외옹치,90435 ,26960 ,0 ,24324 ,215235 ,26486 ,78946 ,18030 ,28693 ,44025 
강원도,양양군,갯마을,15116 ,13178 ,8208 ,9908 ,16918 ,6023 ,9489 ,11828 ,23823 ,15769 
강원도,양양군,광진,8601 ,10420 ,6162 ,4345 ,6793 ,3536 ,3924 ,7473 ,5217 ,11400 
강원도,양양군,기사문,9405 ,7523 ,10132 ,10926 ,40961 ,22717 ,6465 ,8042 ,22603 ,17725 
강원도,양양군,낙산,3939952 ,3726078 ,3368382 ,2800461 ,2639047 ,367917 ,376482 ,456148 ,313180 ,372279 
강원도,양양군,남애1,7226 ,8538 ,4345 ,5507 ,15675 ,4972 ,4642 ,7538 ,11732 ,8383 
강원도,양양군,남애3,24911 ,27676 ,15261 ,14141 ,30006 ,16398 ,21469 ,63651 ,106763 ,99684 
강원도,양양군,동산,7236 ,9180 ,2190 ,2010 ,4546 ,1873 ,3581 ,6909 ,6518 ,5019 
강원도,양양군,동산포,5302 ,6957 ,2188 ,3983 ,4542 ,5609 ,5510 ,6211 ,7392 ,8465 
강원도,양양군,동호,97468 ,108945 ,61512 ,43104 ,50762 ,32086 ,15132 ,22763 ,32158 ,17226 
강원도,양양군,물치,21381 ,17975 ,6216 ,13249 ,18980 ,14410 ,12363 ,15479 ,10276 ,0 
강원도,양양군,북분,5861 ,5223 ,4204 ,5795 ,9662 ,13614 ,14125 ,21704 ,18909 ,17723 
강원도,양양군,설악,61034 ,59231 ,72938 ,18409 ,41609 ,5357 ,11459 ,15842 ,21720 ,11424 
강원도,양양군,송전,25411 ,23856 ,26474 ,6488 ,42778 ,9431 ,7881 ,8230 ,18310 ,16233 
강원도,양양군,원포,4651 ,5178 ,5035 ,1779 ,3782 ,1713 ,5400 ,5285 ,5010 ,7087 
강원도,양양군,인구,10241 ,10288 ,5004 ,5345 ,35428 ,14502 ,10195 ,14722 ,18803 ,27174 
강원도,양양군,잔교,13923 ,11117 ,9097 ,4187 ,9294 ,4951 ,5453 ,6643 ,4439 ,12888 
강원도,양양군,정암,7124 ,6697 ,5237 ,8542 ,17151 ,4838 ,5320 ,9817 ,7548 ,15565 
강원도,양양군,죽도,24240 ,25232 ,13740 ,20641 ,52020 ,19560 ,16513 ,20822 ,23481 ,11362 
강원도,양양군,중광정,5662 ,5571 ,4106 ,5732 ,92596 ,14670 ,8608 ,10824 ,12570 ,22339 
강원도,양양군,지경,60807 ,60187 ,20471 ,28282 ,37598 ,48487 ,18508 ,39560 ,63899 ,46851 
강원도,양양군,하조대,139445 ,136577 ,205364 ,381783 ,357128 ,228071 ,32799 ,57059 ,33209 ,60260 
경상남도,거제시,구영,6266 ,2377 ,4002 ,2057 ,2628 ,4144 ,4708 ,5923 ,3617 ,4120 
경상남도,거제시,구조라,68020 ,77460 ,55500 ,55737 ,45740 ,40580 ,49819 ,79719 ,37719 ,85438 
경상남도,거제시,농소,33334 ,41390 ,43507 ,30193 ,23765 ,14937 ,29308 ,38659 ,19816 ,53082 
경상남도,거제시,덕원,1448 ,3231 ,5083 ,2055 ,4486 ,3624 ,3668 ,6613 ,6649 ,5287 
경상남도,거제시,덕포,9650 ,7988 ,14814 ,14925 ,13125 ,7688 ,13691 ,10921 ,12511 ,17733 
경상남도,거제시,망치,14895 ,9045 ,17616 ,11590 ,11740 ,11799 ,23052 ,29860 ,14087 ,24468 
경상남도,거제시,명사,18988 ,13635 ,20972 ,20827 ,27080 ,12512 ,24872 ,17528 ,19718 ,22685 
경상남도,거제시,물안,21790 ,9906 ,17407 ,11592 ,10567 ,11233 ,9468 ,7891 ,7856 ,6090 
경상남도,거제시,사곡,6920 ,4918 ,4195 ,8130 ,3509 ,15756 ,30470 ,25605 ,12546 ,23198 
경상남도,거제시,여차,5866 ,6595 ,13698 ,10350 ,9210 ,8660 ,10896 ,14572 ,11854 ,10568 
경상남도,거제시,옥계,8354 ,3809 ,3257 ,3544 ,10665 ,20754 ,9572 ,19300 ,7609 ,18407 
경상남도,거제시,와현모래숲,48990 ,48460 ,26551 ,46547 ,35530 ,32715 ,41513 ,55957 ,61638 ,72032 
경상남도,거제시,죽림,0 ,0 ,0 ,0 ,0 ,0 ,0 ,0 ,0 ,0 
경상남도,거제시,학동흑진주몽돌,93130 ,96410 ,64965 ,56109 ,48687 ,85886 ,88009 ,90208 ,112704 ,159854 
경상남도,거제시,함목,5135 ,7700 ,7891 ,5720 ,3258 ,7344 ,5079 ,5299 ,3279 ,5627 
경상남도,거제시,황포,9101 ,6276 ,2685 ,5310 ,4636 ,8088 ,5845 ,12201 ,8006 ,8204 
경상남도,거제시,흥남,46675 ,33060 ,38635 ,32022 ,29579 ,14782 ,19928 ,28585 ,16763 ,21221 
경상남도,남해군,두곡월포,14594 ,17178 ,7382 ,6436 ,5130 ,6326 ,11033 ,5709 ,8950 ,5640 
경상남도,남해군,사촌,24798 ,12599 ,6316 ,4830 ,10410 ,10032 ,14964 ,15208 ,15451 ,15785 
경상남도,남해군,상주은모래비치,202066 ,193816 ,166944 ,115272 ,122133 ,84922 ,78759 ,46688 ,60706 ,41267 
경상남도,남해군,설리,4200 ,43364 ,51282 ,9068 ,8945 ,5241 ,11269 ,8299 ,7404 ,9699 
경상남도,남해군,송정솔바람해변,59975 ,109492 ,103851 ,69906 ,57746 ,25887 ,27042 ,26829 ,23849 ,30913 
경상남도,사천시,남일대,43400 ,43893 ,35305 ,28100 ,42266 ,41367 ,30583 ,44970 ,24518 ,22160 
경상남도,창원시,광암,0 ,0 ,0 ,29350 ,39380 ,49020 ,63841 ,73733 ,66350 ,54074 
경상남도,통영시,비진도,8373 ,16085 ,13477 ,12540 ,10297 ,7820 ,11348 ,10999 ,18683 ,21531 
경상남도,통영시,사량도대항,4173 ,2739 ,3018 ,4307 ,3583 ,4303 ,3559 ,7079 ,4389 ,5413 
경상남도,통영시,수륙,7311 ,12457 ,15520 ,12953 ,14002 ,22565 ,19374 ,21951 ,13759 ,25933 
경상북도,경주,관성솔밭,428610 ,238300 ,286220 ,102150 ,102750 ,10210 ,11469 ,16090 ,22097 ,7920 
경상북도,경주,나정고운모래,67600 ,155850 ,118910 ,57700 ,59000 ,31615 ,45586 ,24250 ,44417 ,40980 
경상북도,경주,봉길대왕암,27130 ,49900 ,36000 ,35150 ,43810 ,24620 ,39020 ,18490 ,16920 ,12730 
경상북도,경주,오류고아라,41866 ,88700 ,55150 ,63800 ,86250 ,33900 ,32442 ,22954 ,26555 ,24530 
경상북도,경주,전촌솔밭,30148 ,118500 ,55220 ,30500 ,31500 ,0 ,0 ,0 ,0 ,0 
경상북도,영덕,경정,2920 ,3524 ,6685 ,4686 ,8523 ,3874 ,3400 ,3960 ,7697 ,7616 
경상북도,영덕,고래불,378820 ,354599 ,397950 ,337000 ,306930 ,28980 ,19375 ,57607 ,84206 ,60662 
경상북도,영덕,남호,19870 ,20200 ,8260 ,10620 ,8888 ,3475 ,6466 ,6076 ,8681 ,5714 
경상북도,영덕,대진,24500 ,24680 ,21060 ,17622 ,9874 ,8356 ,9678 ,6413 ,15686 ,11590 
경상북도,영덕,오보,2480 ,2612 ,2656 ,1299 ,1619 ,1573 ,1878 ,2127 ,3535 ,2894 
경상북도,영덕,장사,80150 ,80100 ,75700 ,50730 ,42485 ,16508 ,48691 ,59234 ,77506 ,55087 
경상북도,영덕,하저,3310 ,5180 ,7477 ,4716 ,3907 ,5120 ,4665 ,5978 ,10994 ,9098 
경상북도,울진,구산,43204 ,43138 ,28249 ,26250 ,24221 ,26607 ,33782 ,22729 ,29335 ,24577 
경상북도,울진,기성망양,10675 ,7634 ,5646 ,4817 ,6975 ,10965 ,6288 ,0 ,0 ,0 
경상북도,울진,나곡,16482 ,10600 ,10396 ,5580 ,5332 ,5700 ,3386 ,3987 ,4535 ,3770 
경상북도,울진,망양정,28420 ,38593 ,25482 ,27694 ,21049 ,13746 ,4574 ,8414 ,4594 ,7312 
경상북도,울진,봉평,6547 ,6716 ,5441 ,6180 ,4151 ,9121 ,7109 ,5847 ,8703 ,5845 
경상북도,울진,후정,10243 ,13275 ,8044 ,9414 ,7421 ,11296 ,8700 ,17846 ,8799 ,9545 
경상북도,울진,후포,29123 ,31565 ,21425 ,17700 ,32240 ,12753 ,8376 ,18798 ,24290 ,16550 
경상북도,포항,구룡포,36450 ,54500 ,67700 ,71615 ,48990 ,30922 ,12773 ,25514 ,27900 ,32718 
경상북도,포항,도구,24940 ,20010 ,10820 ,10930 ,18294 ,18704 ,26155 ,15352 ,23280 ,32792 
경상북도,포항,영일대,1905800 ,2238480 ,2042470 ,2479030 ,50080 ,52026 ,31616 ,33530 ,40400 ,57433 
경상북도,포항,월포,1717380 ,1739150 ,1772910 ,1510440 ,61330 ,41214 ,28911 ,124760 ,135557 ,32241 
경상북도,포항,칠포,133800 ,58590 ,61340 ,39530 ,16664 ,25303 ,10055 ,18197 ,29463 ,27579 
경상북도,포항,화진,117440 ,123800 ,116290 ,67430 ,20690 ,22808 ,11888 ,17540 ,28655 ,22453 
경상북도,포항,신창,0 ,0 ,0 ,0 ,0 ,0 ,0 ,0 ,0 ,5260 
부산광역시,기장군,일광,249200 ,290500 ,277650 ,296230 ,209270 ,150550 ,71950 ,232840 ,45000 ,55800 
부산광역시,기장군,임랑,196100 ,370170 ,265700 ,270730 ,195700 ,138860 ,45729 ,142750 ,29400 ,36300 
부산광역시,사하구,다대포,4332300 ,5670000 ,7320000 ,7240300 ,5950000 ,1396700 ,1185000 ,2001100 ,1160400 ,1150428 
부산광역시,서구,송도,7530000 ,9480000 ,10521000 ,8437059 ,6800000 ,1820000 ,1051410 ,3635075 ,2140600 ,2624000 
부산광역시,수영구,광안리,13108000 ,11946010 ,12128000 ,9335000 ,8450000 ,2760000 ,1230014 ,4208343 ,4317900 ,4538704 
부산광역시,해운대구,송정,4702000 ,4289002 ,4305000 ,4490000 ,4140000 ,1580111 ,1276193 ,1972576 ,2044000 ,2202686 
부산광역시,해운대구,해운대,16085000 ,14497500 ,13709000 ,11260000 ,11202000 ,6892996 ,5040678 ,8814212 ,8218718 ,9116929 
울산광역시,동구,일산,1673350 ,1851000 ,518300 ,389561 ,529500 ,101801 ,93152 ,299367 ,289160 ,150485 
울산광역시,울주군,진하,620610 ,391851 ,480035 ,424115 ,358030 ,54790 ,129480 ,579989 ,1068665 ,850142 
인천광역시,옹진군,떼뿌루,1854 ,1970 ,0 ,0 ,4250 ,1482 ,0 ,903 ,1516 ,874 
인천광역시,옹진군,서포리,3104 ,4180 ,0 ,4420 ,3230 ,1555 ,0 ,1782 ,1568 ,916 
인천광역시,옹진군,수기,4910 ,5354 ,0 ,0 ,2300 ,3287 ,0 ,3737 ,6437 ,2570 
인천광역시,옹진군,십리포,68280 ,62720 ,0 ,88168 ,66234 ,92970 ,0 ,63500 ,67565 ,72306 
인천광역시,옹진군,옹암,11700 ,4451 ,0 ,2027 ,2240 ,1899 ,0 ,1832 ,1730 ,1329 
인천광역시,옹진군,이일레,3532 ,1345 ,0 ,0 ,1640 ,530 ,0 ,814 ,654 ,1717 
인천광역시,옹진군,장경리,39750 ,36960 ,0 ,41889 ,35235 ,36276 ,0 ,43162 ,33553 ,32062 
인천광역시,옹진군,장골,3912 ,1231 ,0 ,0 ,2750 ,1189 ,0 ,1592 ,694 ,1065 
인천광역시,중구,왕산,84160 ,53040 ,0 ,65755 ,64480 ,21082 ,4100 ,87360 ,292800 ,238864 
인천광역시,중구,을왕리,118850 ,108740 ,0 ,126515 ,120151 ,56000 ,9200 ,201200 ,376130 ,575682 
인천광역시,중구,하나개,38870 ,40965 ,0 ,30048 ,111228 ,75508 ,14348 ,119412 ,171600 ,197400 
전라남도,고흥군,금장,3876 ,4441 ,4996 ,2910 ,3953 ,3086 ,3166 ,1457 ,1498 ,1686 
전라남도,고흥군,나로우주,7550 ,5425 ,5795 ,5384 ,8685 ,5002 ,3925 ,3624 ,2094 ,2440 
전라남도,고흥군,남열해돋이,23278 ,24400 ,21280 ,26604 ,20149 ,35717 ,33307 ,14490 ,14155 ,16520 
전라남도,고흥군,대전,7747 ,6798 ,6687 ,4425 ,6139 ,4734 ,9063 ,5420 ,2235 ,2300 
전라남도,고흥군,덕흥,0 ,2631 ,1400 ,1425 ,1793 ,1171 ,1438 ,2091 ,833 ,662 
전라남도,고흥군,발포,8610 ,9656 ,7866 ,8658 ,11782 ,11605 ,8589 ,7913 ,6047 ,4770 
전라남도,고흥군,연소,5601 ,6978 ,4332 ,2919 ,4206 ,3726 ,4159 ,2527 ,1828 ,3045 
전라남도,고흥군,염포,998 ,2255 ,2177 ,1451 ,5541 ,3744 ,5291 ,3890 ,978 ,706 
전라남도,고흥군,용동,3254 ,2460 ,2430 ,940 ,990 ,1215 ,1996 ,0 ,1278 ,1530 
전라남도,고흥군,익금,12304 ,17711 ,13991 ,7910 ,9121 ,16572 ,17384 ,5455 ,5668 ,12419 
전라남도,고흥군,풍류,5229 ,5329 ,4368 ,3708 ,3801 ,5082 ,5741 ,3463 ,2158 ,1496 
전라남도,목포시,외달도,14486 ,14878 ,10377 ,11058 ,11092 ,5452 ,6510 ,2219 ,937 ,5642 
전라남도,무안군,톱머리,8455 ,5184 ,4809 ,5096 ,6194 ,0 ,0 ,6921 ,3355 ,2936 
전라남도,무안군,홀통,7474 ,7005 ,5055 ,4355 ,5191 ,0 ,0 ,6970 ,2106 ,2219 
전라남도,무안군,낙지공원,0 ,0 ,0 ,0 ,0 ,0 ,0 ,0 ,527 ,2129 
전라남도,보성군,율포솔밭,91228 ,82600 ,87800 ,62900 ,74878 ,15206 ,33700 ,42390 ,38010 ,43210 
전라남도,신안군,대광,17867 ,4660 ,3180 ,3517 ,4294 ,3342 ,37744 ,33246 ,5174 ,3782 
전라남도,신안군,돈목,434 ,394 ,790 ,800 ,360 ,314 ,0 ,492 ,395 ,1000 
전라남도,신안군,배낭기미,1085 ,0 ,0 ,0 ,0 ,864 ,1160 ,735 ,958 ,1349 
전라남도,신안군,백길,10706 ,4404 ,3090 ,5592 ,12430 ,22738 ,17348 ,0 ,3535 ,14775 
전라남도,신안군,분계,2295 ,1166 ,865 ,2216 ,6759 ,17569 ,17118 ,15847 ,2590 ,3650 
전라남도,신안군,설레미,0 ,0 ,0 ,0 ,0 ,0 ,0 ,7515 ,5015 ,4479 
전라남도,신안군,시목,1705 ,829 ,1450 ,2001 ,932 ,2288 ,2284 ,2753 ,1312 ,1327 
전라남도,신안군,신도,0 ,0 ,0 ,0 ,222 ,104 ,0 ,234 ,152 ,39 
전라남도,신안군,우전,27645 ,5665 ,7350 ,4514 ,7724 ,9514 ,11367 ,10444 ,5568 ,4689 
전라남도,신안군,원평,1248 ,1677 ,820 ,2311 ,2084 ,1003 ,878 ,2110 ,1929 ,811 
전라남도,신안군,짱뚱어,25700 ,5187 ,6220 ,5262 ,21641 ,13083 ,0 ,10819 ,6515 ,4819 
전라남도,신안군,추포,1523 ,1508 ,1345 ,3443 ,8563 ,5952 ,5250 ,7886 ,0 ,1720 
전라남도,신안군,하트,1979 ,2130 ,1985 ,2331 ,2106 ,2185 ,0 ,1819 ,1896 ,2122 
전라남도,신안군,홍도,0 ,0 ,0 ,0 ,0 ,0 ,0 ,0 ,0 ,0 
전라남도,신안군,황성금리,0 ,0 ,0 ,0 ,0 ,0 ,1504 ,632 ,611 ,843 
전라남도,여수시,유림(거문도),1648 ,1740 ,1970 ,3266 ,3870 ,594 ,1063 ,1045 ,536 ,1372 
전라남도,여수시,만성리,181400 ,120130 ,124370 ,65546 ,54992 ,27761 ,47322 ,32150 ,38860 ,32254 
전라남도,여수시,모사금,26590 ,40930 ,63650 ,40703 ,42830 ,11948 ,28368 ,24014 ,10911 ,37583 
전라남도,여수시,무슬목,16093 ,15336 ,10065 ,13428 ,15573 ,16128 ,30264 ,23294 ,14006 ,6909 
전라남도,여수시,방죽포,35155 ,37370 ,19089 ,32660 ,20616 ,17000 ,19651 ,17782 ,14748 ,25142 
전라남도,여수시,안도,4450 ,7673 ,7372 ,11047 ,9146 ,2312 ,2461 ,4559 ,3110 ,5083 
전라남도,여수시,웅천,38035 ,64030 ,73840 ,33804 ,42193 ,40132 ,38041 ,42177 ,52629 ,75651 
전라남도,여수시,장등,2053 ,7405 ,4942 ,6692 ,9259 ,7237 ,9459 ,4064 ,5147 ,3564 
전라남도,여수시,낭도,0 ,0 ,0 ,0 ,0 ,0 ,0 ,2983 ,4941 ,3318 
전라남도,여수시,대풍,0 ,0 ,0 ,0 ,0 ,0 ,0 ,0 ,0 ,0 
전라남도,여수시,사도,0 ,0 ,0 ,0 ,0 ,0 ,0 ,0 ,0 ,0 
전라남도,여수시,서도,0 ,0 ,0 ,0 ,0 ,0 ,0 ,0 ,0 ,0 
전라남도,여수시,정강,0 ,0 ,0 ,0 ,0 ,0 ,0 ,0 ,0 ,0 
전라남도,여수시,손죽,0 ,0 ,0 ,0 ,0 ,0 ,0 ,0 ,0 ,0 
전라남도,여수시,신덕,0 ,0 ,0 ,0 ,0 ,0 ,0 ,0 ,0 ,0 
전라남도,영광군,가마미,16230 ,35280 ,36505 ,27151 ,26547 ,22342 ,20541 ,24063 ,26140 ,25030 
전라남도,영광군,송이도,480 ,522 ,923 ,769 ,900 ,1142 ,723 ,975 ,629 ,410 
전라남도,완도군,금일명사십리,29330 ,13770 ,2879 ,3650 ,2146 ,4591 ,0 ,2021 ,2010 ,2327 
전라남도,완도군,보길예송,9830 ,7290 ,5620 ,2177 ,6209 ,3131 ,1181 ,2218 ,2649 ,1491 
전라남도,완도군,보길중리,4635 ,4078 ,3820 ,1220 ,3150 ,1117 ,1297 ,1895 ,1787 ,1335 
전라남도,완도군,보길통리,1747 ,1806 ,1163 ,759 ,1153 ,749 ,420 ,436 ,726 ,1211 
전라남도,완도군,생일금곡,3860 ,5087 ,4230 ,845 ,661 ,1803 ,3333 ,2976 ,2656 ,1704 
전라남도,완도군,신지동고,2770 ,1994 ,2849 ,1269 ,1001 ,2797 ,3142 ,1296 ,1727 ,2363 
전라남도,완도군,신지명사십리,1001159 ,793830 ,634070 ,490873 ,589874 ,509251 ,157929 ,179563 ,227924 ,205727 
전라남도,완도군,약산가사,6550 ,7103 ,7455 ,4036 ,4308 ,4255 ,3083 ,2255 ,2781 ,3415 
전라남도,완도군,청산신흥,1677 ,3543 ,3270 ,1282 ,5426 ,2415 ,2807 ,5255 ,4201 ,2770 
전라남도,완도군,청산지리,4321 ,3470 ,2696 ,1606 ,439 ,1211 ,1105 ,4376 ,3172 ,2124 
전라남도,장흥군,수문,2625 ,3045 ,4440 ,3180 ,4070 ,0 ,6056 ,6297 ,6879 ,6003 
전라남도,진도군,가계,14522 ,36709 ,8890 ,8574 ,48789 ,11146 ,14716 ,12551 ,4428 ,9261 
전라남도,진도군,관매도,3059 ,5144 ,2299 ,3371 ,2671 ,1528 ,778 ,2153 ,485 ,956 
전라남도,진도군,금갑,3896 ,14078 ,4476 ,3371 ,5596 ,5406 ,5622 ,3419 ,1334 ,1809 
전라남도,진도군,신전,2024 ,3914 ,1765 ,1550 ,1940 ,1086 ,663 ,1888 ,559 ,658 
전라남도,함평군,돌머리,50900 ,46200 ,49160 ,38450 ,43890 ,0 ,0 ,22582 ,16423 ,9590 
전라남도,해남군,사구미,1884 ,1414 ,1191 ,857 ,369 ,0 ,0 ,484 ,0 ,0 
전라남도,해남군,송호,234853 ,32785 ,10665 ,6957 ,10923 ,16996 ,20694 ,14150 ,11107 ,13007 
전라남도,해남군,송평,2974 ,2583 ,2663 ,2075 ,0 ,0 ,0 ,0 ,0 ,0 
전라북도,고창군,구시포,45800 ,38983 ,40822 ,21301 ,49553 ,62045 ,71094 ,41809 ,22171 ,11096 
전라북도,고창군,동호,17325 ,16895 ,25790 ,13448 ,28596 ,28372 ,41655 ,24070 ,11023 ,9070 
전라북도,군산시,선유도,44303 ,49870 ,27842 ,17467 ,64400 ,54222 ,28457 ,74002 ,52158 ,50702 
전라북도,부안군,격포,62208 ,57455 ,30673 ,17188 ,23780 ,51960 ,72684 ,98950 ,35026 ,26892 
전라북도,부안군,고사포,43694 ,73603 ,25870 ,14911 ,24603 ,28033 ,23359 ,15535 ,22320 ,24409 
전라북도,부안군,모항,65780 ,74300 ,26470 ,20927 ,30910 ,29538 ,30863 ,19336 ,24721 ,31787 
전라북도,부안군,변산,0 ,26825 ,27720 ,15253 ,31130 ,56654 ,46290 ,142723 ,98908 ,86527 
전라북도,부안군,위도,3779 ,7665 ,8873 ,3419 ,6808 ,7135 ,5717 ,6237 ,6107 ,8035 
제주특별자치도,서귀포시,신양섭지,15520 ,650 ,5108 ,9480 ,16750 ,18050 ,28010 ,13450 ,10220 ,3913 
제주특별자치도,서귀포시,중문색달,340800 ,3850 ,262020 ,154020 ,172200 ,83300 ,105771 ,167400 ,66489 ,126700 
제주특별자치도,서귀포시,표선,112200 ,2800 ,103770 ,42750 ,75820 ,52410 ,45000 ,58720 ,31860 ,47080 
제주특별자치도,서귀포시,화순금모래,75300 ,900 ,68490 ,11035 ,37670 ,23149 ,23160 ,44660 ,34840 ,14230 
제주특별자치도,제주시,곽지,202000 ,257250 ,257200 ,277930 ,235000 ,77087 ,83510 ,98997 ,77260 ,30919 
제주특별자치도,제주시,금능,136250 ,232600 ,301800 ,243850 ,213950 ,111900 ,95618 ,117350 ,125350 ,111570 
제주특별자치도,제주시,김녕,69800 ,83450 ,47271 ,71589 ,87169 ,83355 ,56590 ,50100 ,57275 ,56775 
제주특별자치도,제주시,삼양,166880 ,207210 ,244650 ,211650 ,48551 ,31720 ,41120 ,41400 ,54114 ,68135 
제주특별자치도,제주시,월정,0 ,0 ,0 ,0 ,0 ,0 ,28250 ,41180 ,89751 ,32800 
제주특별자치도,제주시,이호테우,526000 ,616800 ,438700 ,364090 ,259690 ,64670 ,109414 ,170220 ,114800 ,70627 
제주특별자치도,제주시,함덕,643940 ,977900 ,413020 ,717300 ,402869 ,345740 ,223854 ,290280 ,231937 ,425595 
제주특별자치도,제주시,협재,646500 ,957140 ,641880 ,414640 ,346910 ,130800 ,105252 ,227900 ,136343 ,145721 
충청남도,당진시,난지섬,18444 ,14757 ,12767 ,7565 ,6235 ,8584 ,7728 ,6910 ,4338 ,5389 
충청남도,당진시,왜목마을,71483 ,116183 ,171090 ,43989 ,73414 ,55252 ,104048 ,94156 ,80096 ,88612 
충청남도,보령시,대천,9113800 ,12477000 ,13507283 ,9491826 ,6630000 ,2945100 ,2811030 ,4838800 ,5744241 ,5641418 
충청남도,보령시,무창포,1019840 ,1054400 ,941900 ,165600 ,165400 ,240860 ,326126 ,279863 ,343117 ,502755 
충청남도,서천군,춘장대,2175550 ,1952450 ,1613100 ,821000 ,278000 ,371752 ,170063 ,188672 ,194450 ,367314 
충청남도,태안군,갈음이,27250 ,68190 ,34135 ,33850 ,41385 ,21935 ,8100 ,9360 ,6400 ,3220 
충청남도,태안군,곰섬,29940 ,53250 ,31260 ,30535 ,24880 ,18605 ,6200 ,7085 ,0 ,0 
충청남도,태안군,구례포,39805 ,56240 ,32130 ,120 ,39295 ,25180 ,11165 ,12140 ,6845 ,2245 
충청남도,태안군,구름포,43840 ,58250 ,36000 ,110 ,38705 ,21655 ,5380 ,6560 ,3100 ,2145 
충청남도,태안군,기지포,50830 ,68590 ,37135 ,350 ,46935 ,32635 ,13590 ,14550 ,7470 ,4060 
충청남도,태안군,꽃지,200285 ,260300 ,186280 ,215622 ,258090 ,156700 ,207000 ,291310 ,395070 ,409430 
충청남도,태안군,꾸지나무골,20970 ,40420 ,32085 ,32085 ,36400 ,19760 ,8695 ,9465 ,5165 ,3720 
충청남도,태안군,달산포,40250 ,63610 ,34450 ,46103 ,37770 ,33750 ,9095 ,10382 ,7175 ,6540 
충청남도,태안군,마검포,51850 ,73630 ,34870 ,53450 ,37885 ,28545 ,12230 ,13325 ,7750 ,6095 
충청남도,태안군,만리포,356700 ,416100 ,387420 ,386740 ,546350 ,361630 ,427950 ,497435 ,578280 ,695210 
충청남도,태안군,몽산포,220670 ,203150 ,183030 ,202283 ,203180 ,181430 ,168390 ,243170 ,319570 ,215860 
충청남도,태안군,바람아래,17260 ,51670 ,33575 ,34168 ,33660 ,24280 ,6395 ,6725 ,4440 ,2005 
충청남도,태안군,밧개,42800 ,65910 ,30335 ,46348 ,38325 ,36635 ,15705 ,17115 ,5070 ,2155 
충청남도,태안군,방주골(백리포),38410 ,43500 ,29965 ,37292 ,33115 ,21975 ,4755 ,5390 ,2180 ,2085 
충청남도,태안군,방포,83440 ,76320 ,36885 ,65548 ,45350 ,32910 ,17370 ,17600 ,13590 ,8475 
충청남도,태안군,백사장,64140 ,80970 ,38080 ,61063 ,48892 ,27210 ,11050 ,13630 ,6900 ,2100 
충청남도,태안군,삼봉,142041 ,104612 ,54070 ,100241 ,114905 ,61400 ,33721 ,44210 ,45550 ,32130 
충청남도,태안군,샛별,39930 ,66950 ,34270 ,47050 ,37945 ,25940 ,14625 ,17472 ,7620 ,7260 
충청남도,태안군,신두리,100790 ,127790 ,68255 ,98945 ,90920 ,65730 ,32860 ,39030 ,35310 ,33390 
충청남도,태안군,안면,48810 ,69540 ,32635 ,50328 ,39115 ,29275 ,15065 ,17060 ,6970 ,2520 
충청남도,태안군,어은돌,29540 ,59520 ,34730 ,41263 ,34560 ,22235 ,20450 ,21910 ,16795 ,8640 
충청남도,태안군,연포,84670 ,97110 ,53570 ,78450 ,81530 ,50660 ,17828 ,24625 ,31190 ,48330 
충청남도,태안군,의항,40140 ,47640 ,31070 ,39617 ,35565 ,23810 ,7765 ,8361 ,3580 ,2245 
충청남도,태안군,장삼포,19800 ,52600 ,29910 ,34103 ,35000 ,21255 ,9520 ,10785 ,4385 ,2020 
충청남도,태안군,천리포,97130 ,115430 ,50820 ,87793 ,68710 ,44385 ,24400 ,30255 ,15610 ,20955 
충청남도,태안군,청포대,94690 ,92230 ,50005 ,78975 ,61073 ,46685 ,20560 ,23920 ,19235 ,37770 
충청남도,태안군,파도리,27710 ,51890 ,33205 ,37602 ,35900 ,26795 ,10950 ,14080 ,9635 ,18060 
충청남도,태안군,학암포,70970 ,74050 ,55910 ,66977 ,71910 ,52570 ,21410 ,31990 ,36605 ,33030 
